[
  {
    "name": "главная",
    "href": "#"
  },
  {
    "name": "каталог",
    "href": "/",
    "drop": [
      {"name": "Категория 1", "href": "/"},
      {"name": "Категория 2", "href": "/"},
      {"name": "Категория 3","href": "/",
        "sub" : [
          {"name": "Категория 1","href": "/"},
          {"name": "Категория 2","href": "/"},
          {"name": "Категория 3","href": "/"}
        ]},
      {"name": "Категория 4","href": "/"},
      {"name": "Категория 5","href": "/",
        "sub" : [
          {"name": "Категория 1","href": "/"},
          {"name": "Категория 2","href": "/"},
          {"name": "Категория 3","href": "/"}
        ]},
      {"name": "Категория 6","href": "/"}
    ]
  },
  {
    "name": "О нас","href": "/"
  },
  {
    "name": "Контакты","href": "/"
  }
]